burst_id,post_id,is_triggered_event,ts_utc,ts_et,minute_offset_in_burst,text,is_reblog,favourites_count,reblogs_count,replies_count,topic_energy_oil,topic_iran_military,topic_market_economy,topic_tariff_trade,topic_china,topic_fed_rates,topic_djt_media,topic_crypto
1,115996876595468758,True,2026-02-01T18:51:11.880000+00:00,2026-02-01T13:51:11.880000-05:00,0.0,"RT @realDonaldTrumpI am hearing that Bluffton City Councilman Blake Fiechter, a True America First Patriot, is considering a primary challenge against ""RINO"" State Senator Travis Holdman, in Indiana's 19th Senate District who, for whatever reason, voted against Redistricting in Indiana, in a District that I won by 39 points, which puts the United States Congress in jeopardy. Holdman and his RINO friends made Indiana, a State I love and have been very good to, the only State in the Country that essentially said they don't care about what happens in the United States Congress. We could have easily picked up two seats in Indiana, so Holdman, an America Last politician, put our Majority in the House of Representatives at risk, thereby putting our Country in a very dangerous position in losing some of the magnificent gains that we have made over the last year, since I assumed the Office of President. On the other hand, Blake Fiechter, a very successful Real Estate Broker, Proud Husband, Loving Father to three girls, and a Highly Respected Councilman in the wonderful City of Bluffton, has dedicated his life to serving the Community which he loves so much. As your next State Senator, Blake would fight tirelessly to Protect ""Hoosier"" Values, Promote our Amazing Farmers and Ranchers, Grow our Economy, Cut Taxes and Regulations, Advance MADE IN THE U.S.A., Promote American Energy DOMINANCE, Keep our Border SECURE, Support our Brave Military, Veterans, and Law Enforcement, Ensure LAW AND ORDER, Safeguard our Elections, and Protect our always under siege Second Amendment.  Should he decide to enter this Race, and hopefully he will, Blake Fiechter has my Complete and Total Endorsement against RINO Travis Holdman. RUN, BLAKE, RUN!",False,0,0,0,True,True,True,False,False,False,False,False
1,115996877078140560,True,2026-02-01T18:51:19.248000+00:00,2026-02-01T13:51:19.248000-05:00,0.12,"RT @realDonaldTrumpIt is my Great Honor to endorse America First Patriot Tracey Powell, a fantastic Candidate for Indiana's 21st State Senate District (which I won by 24 points!). Tracey is running against a pathetic RINO incumbent named Jim Buck, who, for whatever reason, voted against Redistricting in Indiana, which puts the United States Congress in jeopardy. Buck and his RINO friends made Indiana, a State I love and have been very good to, the only State in the Country that essentially said they don't care if Democrats steal Republican House seats to take over the United States Congress. We could have easily picked up two seats in Indiana, helping Democrat seat theft in Blue States, but instead, Buck, an America Last politician, would rather give away our Majority in the House of Representatives, thereby putting our Country in a very dangerous position that could cost us some of the magnificent gains that we have made over the last year, since I assumed the Office of President. Tracey Powell, on the other hand, is a successful Businessman, Chiropractor, Farmer, and Highly Respected Tipton County Commissioner, who has dedicated his life to serving his Community. As your next State Senator, Tracey will fight tirelessly to Protect ""Hoosier"" Values, Grow the Economy, Cut Taxes and Regulations, Promote MADE IN THE U.S.A., Champion our Amazing Farmers and Agriculture, Unleash American Energy DOMINANCE, Keep our Border SECURE, Ensure LAW AND ORDER, Support our Military, Veterans, and Law Enforcement, Advance Election Integrity, Defend our always under siege Second Amendment.  Tracey Powell has my Complete and Total Endorsement to be the next State Senator from Indiana's 21st Senate District. Unlike incumbent Jim Buck, a ""RINO"" who failed the wonderful people of Indiana so badly, TRACEY POWELL IS A WINNER WHO WILL NOT LET YOU DOWN!",False,0,0,0,True,True,True,False,False,True,False,False
1,115996877735403531,True,2026-02-01T18:51:29.276000+00:00,2026-02-01T13:51:29.276000-05:00,0.29,"RT @realDonaldTrumpIt is my Great Honor to endorse MAGA Warrior and Fountain County GOP Chair, Paula Copenhaver, a terrific Candidate for Indiana's 23rd State Senate District (which I won by 26 points!). Paula is running against an incompetent and ineffective RINO incumbent named Spencer Deery who, for whatever reason, betrayed his voters by voting against Redistricting in Indiana. Deery and his RINO friends made Indiana, a State I love and have been very good to, the only State in the Country that essentially said they don't care if Democrats and Radical Liberal Judges keep conspiring to steal seats in the United States Congress from Republicans. We could have easily picked up two seats in Indiana, but Deery, an America Last politician, would rather side with Far Left Democrats who will do anything and everything in their power to reverse the incredible progress we have made for the American people over the last year since I reassumed the Office of President. While ""RINO"" Spencer Deery prefers Democrats, Paula Copenhaver has helped REAL Republicans get elected across her Community, As your next State Senator, Paula will work hard to Protect ""Hoosier"" Values, Advocate for the Working Men and Women of Indiana, Grow the Economy, Cut Taxes and Regulations, Promote American Manufacturing, Advance MADE IN THE U.S.A., Unleash American Energy DOMINANCE, Keep our Border SECURE, Ensure LAW AND ORDER, Support our Brave Military, Veterans, and Law Enforcement, Safeguard our Elections, and Protect our always under siege Second Amendment.  Paula Copenhaver has my Complete and Total Endorsement to be the next State Senator from Indiana's 23rd Senate District. Unlike incumbent Spencer Deery, a ""RINO"" who has become a favorite politician of the Far Left, PAULA COPENHAVER IS A WINNER WHO WILL NEVER LET YOU DOWN!",False,0,0,0,True,True,True,False,False,False,False,False
1,115996878303059833,True,2026-02-01T18:51:37.935000+00:00,2026-02-01T13:51:37.935000-05:00,0.43,"RT @realDonaldTrumpVigo County Commissioner Brenda Wilson, a Proven America First Patriot, is running against ""No Goode"" Greg Goode (BAD FOR THE U.S.A.!) in the Republican Primary for Indiana's 38th Senate District, which I won by 28 points! ""No Goode"" is an incompetent and ineffective RINO incumbent who, for whatever reason, voted against Redistricting in Indiana, which has made him a hero to Hakeem Jeffries, Ilhan Omar, and every other Radical Left Member of the U.S. House of Representatives. ""No Goode"" and his RINO friends made Indiana, a State I have tremendous love for, the only State in the Country that essentially said they don't care about what happens to the United States Congress, and therefore to America's future. We could have easily picked up two seats in Indiana, but No Goode, an America Last politician, threw in with the Democrats, thereby putting our Country in a very dangerous position, and risking the reversal of so much of the incredible progress we have made over the last year for our Country and our people. Brenda Wilson, on the other hand, is a Successful Family Farmer, and Highly Respected Vigo County Commissioner, who will be a strong and effective Voice for our amazing Farmers and Indiana Agriculture. As your next State Senator, Brenda will fight tirelessly to Protect ""Hoosier"" Values, Champion Small Businesses, Promote MADE IN THE U.S.A., Grow our Economy, Cut Taxes and Regulations, Advance American Energy DOMINANCE, Keep our Border SECURE, Support our incredible Military, Veterans, and Law Enforcement, Advance Election Integrity, and Protect our always under siege Second Amendment. Brenda Wilson has my Complete and Total Endorsement, and, unlike ""No Goode"" — BRENDA WILL NOT LET YOU DOWN!",False,0,0,0,True,True,True,False,False,False,False,False
1,115996878882880603,True,2026-02-01T18:51:46.783000+00:00,2026-02-01T13:51:46.783000-05:00,0.58,"RT @realDonaldTrumpIt is my Great Honor to endorse America First Patriot, Jeff Ellington, a terrific Candidate for Indiana's 39th State Senate District (which I won by a whopping 55 points!). Jeff will be a fantastic replacement for RINO Eric Bassler, who may not even run again because Republicans are so angry with him over his betrayal he committed when he, for whatever reason, voted against Redistricting in Indiana, which essentially made him a partner to the Radical Left Democrats in their quest to take control of the United States House of Representatives, and reverse the great progress we have made in the last year. Bassler and his RINO friends made Indiana, a State I love that is full of Patriots who love America, the only State in the Nation that would rather turn over our Country to Democrats than fight back against their corruption, and finish the job we started over 10 years ago. We could have easily picked up two seats in Indiana, but Bassler, an America Last politician, was played for a fool by the Democrats who want to destroy our Country. Now, because Bassler looks to be getting ""run out of town"" by his Voters, Indiana's Chief RINO Rod Bray has recruited a new ""pawn"" in his game named Kristi Risk to run for this seat.  She, like Bassler and Bray, was nowhere to be found for Republicans during Redistricting, which means she will never be there for you when the going gets tough. She said there were ""more important things"" than keeping the House Majority, and protecting the progress we have made over the last year to, MAKE AMERICA GREAT AGAIN. No smart, reliable Republican would ever say such a thing because they would never even think it. For that reason, and more, she cannot be trusted any more than the Failed and Weak ""Senator"" Bassler. Jeff Ellington, on the other hand, is a Successful Businessman, Retired Firefighter, Horse Farmer, Greene County GOP Chairman, and former State Representative, who has dedicated his life to serving his Community. As your next State Senator, Jeff will work tirelessly to Protect ""Hoosier"" Values, Champion our Amazing Farmers and Ranchers, Grow our Economy, Cut Taxes and Regulations, Promote MADE IN THE U.S.A., Advance American Energy DOMINANCE, Support our Brave Military, Veterans, and Law Enforcement, Safeguard our Elections, and Protect our always under siege Second Amendment.  Jeff Ellington has my Complete and Total Endorsement to be the next State Senator from Indiana's 39th Senate District. Unlike Eric Bassler or Kristi Risk, JEFF ELLINGTON WILL NEVER LET YOU DOWN!",False,0,0,0,True,True,True,True,False,False,False,False
1,115996879370262562,True,2026-02-01T18:51:54.220000+00:00,2026-02-01T13:51:54.220000-05:00,0.71,"RT @realDonaldTrumpIt is my Great Honor to endorse State Representative Michelle Davis, a REAL Republican running for Indiana's 41st State Senate District (which I won by 33 points!), against RINO incumbent Greg Walker! Michelle will be a fantastic replacement for Walker who, for whatever reason, voted against Redistricting in Indiana, which puts the United States Congress in jeopardy. Walker and his RINO friends made Indiana, a State I love and have been very good to, the only State in the Country that essentially said they don't care about what happens in the United States Congress. We could have easily picked up two seats in Indiana, so Walker, an America Last politician, put our Majority in the House of Representatives at risk, thereby putting our Country in a very dangerous position in losing some of the magnificent gains that we have made over the last year, since I assumed the Office of President. State Representative Michelle Davis, on the other hand, strongly voted WITH Republicans to pass Redistricting in the State House, unlike ""RINO"" Greg Walker, who voted with the Democrats in the State Senate to stop it. As your next State Senator, Michelle will fight tirelessly to Protect ""Hoosier"" Values, Advocate for the Working Men and Women of Indiana, Grow our Economy, Cut Taxes and Regulations, Promote American Manufacturing, Advance MADE IN THE U.S.A., Unleash American Energy DOMINANCE, Keep our Border SECURE, Support our Military, Veterans, and Law Enforcement, Advance Election Integrity, and Defend our always under siege Second Amendment.  Michelle Davis has my Complete and Total Endorsement to be the next State Senator from Indiana's 41st Senate District. Unlike incumbent Greg Walker, a ""RINO"" LOSER who has failed the fantastic people of Indiana so badly, MICHELLE DAVIS IS A WINNER WHO WILL NOT LET YOU DOWN!",False,0,0,0,True,True,True,False,False,False,False,False
1,115996882630849069,True,2026-02-01T18:52:43.974000+00:00,2026-02-01T13:52:43.974000-05:00,1.53,"It is my Great Honor to endorse America First Patriot, John E. Sununu, who is running to represent the beautiful State of New Hampshire in the U.S. Senate. John is strongly supported by the most Highly Respected Leaders in New Hampshire, and many Republicans in the U.S. Senate and, as your next Senator, he will work tirelessly to advance our America First Agenda. John will fight hard to Grow the Economy, Cut Taxes and Regulations, Advance MADE IN THE U.S.A., Unleash American Energy DOMINANCE, Provide Access to Affordable and High Quality Health Care, Champion School Choice, Keep our Border SECURE, Stop Migrant Crime, Support our Brave Military, Veterans, and Law Enforcement, Ensure LAW AND ORDER, and Defend our always under siege Second Amendment. John E. Sununu has my Complete and Total Endorsement — HE WILL NOT LET YOU DOWN. MAKE AMERICA GREAT AGAIN — ELECT JOHN E. SUNUNU!",False,14073,3129,916,True,True,True,False,False,False,False,False
2,116001495092642291,True,2026-02-02T14:25:44.557000+00:00,2026-02-02T09:25:44.557000-05:00,0.0,"Trump Says He Welcomes China, India Investment in Venezuela Oil: https://www.bloomberg.com/news/articles/2026-02-01/trump-says-he-welcomes-china-india-investment-in-venezuela-oil/",False,11749,2522,312,True,False,False,False,True,False,False,False
3,116002095109616255,True,2026-02-02T16:58:20.088000+00:00,2026-02-02T11:58:20.088000-05:00,0.0,"It was an Honor to speak with Prime Minister Modi, of India, this morning. He is one of my greatest friends and, a Powerful and Respected Leader of his Country. We spoke about many things, including Trade, and ending the War with Russia and Ukraine. He agreed to stop buying Russian Oil, and to buy much more from the United States and, potentially, Venezuela. This will help END THE WAR in Ukraine, which is taking place right now, with thousands of people dying each and every week! Out of friendship and respect for Prime Minister Modi and, as per his request, effective immediately, we agreed to a Trade Deal between the United States and India, whereby the United States will charge a reduced Reciprocal Tariff, lowering it from 25% to 18%. They will likewise move forward to reduce their Tariffs and Non Tariff Barriers against the United States, to ZERO. The Prime Minister also committed to ""BUY AMERICAN,"" at a much higher level, in addition to over $500 BILLION DOLLARS of U.S. Energy, Technology, Agricultural, Coal, and many other products. Our amazing relationship with India will be even stronger going forward. Prime Minister Modi and I are two people that GET THINGS DONE, something that cannot be said for most. Thank you for your attention to this matter! PRESIDENT DONALD J. TRUMP",False,24709,5527,1485,True,False,False,True,False,False,False,False
4,116013105630663812,True,2026-02-04T15:38:27.342000+00:00,2026-02-04T10:38:27.342000-05:00,0.0,"I have just completed an excellent telephone conversation with President Xi, of China. It was a long and thorough call, where many important subjects were discussed, including Trade, Military, the April trip that I will be making to China (which I very much look forward to!), Taiwan, the War between Russia/Ukraine, the current situation with Iran, the purchase of Oil and Gas by China from the United States, the consideration by China of the purchase of additional Agricultural products including lifting the Soybean count to 20 Million Tons for the current season (They have committed to 25 Million Tons for next season!), Airplane engine deliveries, and numerous other subjects, all very positive! The relationship with China, and my personal relationship with President Xi, is an extremely good one, and we both realize how important it is to keep it that way. I believe that there will be many positive results achieved over the next three years of my Presidency having to do with President Xi, and the People's Republic of China! PRESIDENT DONALD J. TRUMP",False,30377,6661,4174,True,True,False,True,True,False,False,False
5,116049014529870682,True,2026-02-10T23:50:33.622000+00:00,2026-02-10T18:50:33.622000-05:00,0.0,"Congressman Aaron Bean is a Tremendous Champion for Florida's 4th Congressional District! As a Member of the POWERFUL Ways & Means Committee, Aaron knows the America First Policies required to Create GREAT Jobs, Cut Taxes and Regulations, Advance MADE IN THE U.S.A., Unleash American Energy DOMINANCE, and Champion our Nation's Golden Age. He is also fighting tirelessly to Keep our Border SECURE, Stop Migrant Crime, Ensure LAW AND ORDER, Strengthen our Brave Military/Veterans, and Defend our always under siege Second Amendment. Aaron Bean has my Complete and Total Endorsement for Re-Election — HE WILL NEVER LET YOU DOWN!",False,8520,1977,190,True,True,False,False,False,False,False,False
5,116049016029391163,True,2026-02-10T23:50:56.503000+00:00,2026-02-10T18:50:56.503000-05:00,0.38,"Congressman John Rutherford is an incredible Representative for the wonderful People of Florida's 5th Congressional District! As the former Sheriff of Duval County, and now, as a Highly Respected U.S. Congressman, John strongly supports our incredible Law Enforcement, Military, and Veterans, and knows the Wisdom and Courage it takes to Ensure LAW AND ORDER. In Congress, he is fighting tirelessly to Keep our Border SECURE, Stop Migrant Crime, Grow our Economy, Cut Taxes and Regulations, Promote MADE IN THE U.S.A., Unleash American Energy DOMINANCE, Safeguard our Elections, and Protect our always under siege Second Amendment. John Rutherford has my Complete and Total Endorsement for Re-Election — HE WILL NEVER LET YOU DOWN!",False,8714,2032,204,True,True,True,False,False,False,False,False
5,116049018753880504,True,2026-02-10T23:51:38.074000+00:00,2026-02-10T18:51:38.074000-05:00,1.07,"Congressman Cory Mills is an America First Patriot and Tremendous Champion for the Great People of Florida's 7th Congressional District! A Successful Entrepreneur, and Brave U.S. Army Combat Veteran and Bronze Star recipient, Cory knows what is required to Defend our Country, Support our Military/Veterans, and Ensure PEACE THROUGH STRENGTH. In Congress, he is fighting tirelessly to Keep our Border SECURE, Stop Migrant Crime, Grow our Economy, Cut Taxes and Regulations, Unleash American Energy DOMINANCE, Promote MADE IN THE U.S.A., Safeguard our Elections, and Defend our always under siege Second Amendment. Cory Mills has my Complete and Total Endorsement for Re-Election — HE WILL NOT LET YOU DOWN!",False,9155,2133,361,True,True,True,False,False,False,False,False
5,116049020221132395,True,2026-02-10T23:52:00.464000+00:00,2026-02-10T18:52:00.464000-05:00,1.45,"Congressman Daniel Webster is doing an incredible job representing the Great People of Florida's 11th Congressional District! A successful Businessman, Daniel knows the AMERICA FIRST Policies necessary to Create GREAT Jobs, Promote MADE IN THE U.S.A., Unleash Innovation, and Advance American Energy DOMINANCE. In Congress, he is fighting tirelessly to Grow our Economy, Cut Taxes and Regulations, Keep our Border SECURE, Stop Migrant Crime, Support our Brave Military/Veterans, and Protect our always under siege Second Amendment. Daniel Webster has my Complete and Total Endorsement for Re-Election — HE WILL NEVER LET YOU DOWN!",False,9257,2137,224,True,True,True,False,False,False,False,False
5,116049022411044647,True,2026-02-10T23:52:33.883000+00:00,2026-02-10T18:52:33.883000-05:00,2.0,"Congressman Brian Mast is a MAGA Warrior and Fantastic Advocate for Florida's 21st Congressional District! As the Chairman of my WINNING 2024 Campaign's Veterans for Trump Coalition, Brian is a true American Hero and Patriot. He knows the Wisdom and Courage required to Defend our Country, Support our Brave Military/Veterans, and Ensure PEACE THROUGH STRENGTH. In Congress, he is fighting hard to Grow the Economy, Cut Taxes and Regulations, Promote MADE IN THE U.S.A., Champion American Energy DOMINANCE, Keep our Border SECURE, Ensure PEACE THROUGH STRENGTH, and Protect our always under siege Second Amendment. Brian Mast has my Complete and Total Endorsement for Re-Election — HE WILL NEVER LET YOU DOWN!",False,9849,2286,324,True,True,True,False,False,False,False,False
5,116049024324119533,True,2026-02-10T23:53:03.070000+00:00,2026-02-10T18:53:03.070000-05:00,2.49,"Congresswoman María Elvira Salazar is doing a truly fantastic job representing the wonderful people of Florida's 27th Congressional District! A former News Anchor and Political Reporter, María knows the Wisdom and Courage required to confront the Corrupt Fake News, which seeks to divide and destroy our Great Country. In Congress, María is working hard to Grow our Economy, Cut Taxes and Regulations, Promote MADE IN THE U.S.A., Advance American Energy DOMINANCE, Keep our Border SECURE, Stop Migrant Crime, Support our Brave Military/Veterans, and Defend our always under siege Second Amendment. María Elvira Salazar has my Complete and Total Endorsement for Re-Election – SHE WILL NEVER LET YOU DOWN!",False,10085,2380,1028,True,True,True,False,False,False,False,False
5,116049030986794379,True,2026-02-10T23:54:44.738000+00:00,2026-02-10T18:54:44.738000-05:00,4.19,"Congressman Carlos Gimenez is doing a fantastic job representing Florida's 28th Congressional District! A Highly Respected Firefighter, Civic Leader, and Mayor of Miami-Dade County, prior to becoming a distinguished Congressman, Carlos has dedicated his life to serving his Community. In Congress, he is working hard to Grow our Economy, Cut Taxes and Regulations, Champion American Energy DOMINANCE, Promote MADE IN THE U.S.A., Keep our Border SECURE, Stop Migrant Crime, Strengthen our Military/Veterans, Ensure LAW AND ORDER, and Protect our always under siege Second Amendment. Carlos Gimenez has my Complete and Total Endorsement for Re-Election — HE WILL NEVER LET YOU DOWN!",False,11509,2669,1127,True,True,True,False,False,False,False,False
6,116083267723811706,True,2026-02-17T01:01:35.883000+00:00,2026-02-16T20:01:35.883000-05:00,0.0,"Jon Bonck is an incredible Candidate running to represent the fantastic people of Texas' 38th Congressional District. He is supported by many MAGA Patriots, including Senator Ted Cruz, Congressmen ""Doc"" Ronny Jackson, Brandon Gill, Jim Jordan, and Tim Burchett, among others. A successful Business Executive, Jon knows the America First Policies required to Create GREAT Jobs, Cut Taxes and Regulations, Promote MADE IN THE U.S.A., Unleash American Energy DOMINANCE, and Champion our Nation's Golden Age. In Congress, he will fight tirelessly to Keep our Border SECURE, Stop Migrant Crime, Strengthen our Military/Veterans, Safeguard our Elections, and Protect our always under siege Second Amendment. Jon Bonck has my Complete and Total Endorsement to be the next Representative from Texas' 38th Congressional District. Texas: Early Voting is February 17th to 27th, and Election Day is March 3rd. GET OUT AND VOTE FOR JON BONCK — HE WILL NEVER LET YOU DOWN! Find your Voting Location here: https://swampthevoteusa.com/Texas/",False,1454,409,49,True,True,False,False,False,False,False,False
6,116083269727224876,True,2026-02-17T01:02:06.453000+00:00,2026-02-16T20:02:06.453000-05:00,0.51,"It is my Great Honor to endorse Carlos De La Cruz, a fantastic America First Candidate running to be the next Congressman from Texas' 35th Congressional District! A Brave, 20 Year Air Force Veteran, and now, as a successful Businessman, Carlos has a Proven Record of Success — He is a WINNER! In Congress, Carlos will work tirelessly to Grow the Economy, Promote our Amazing Farmers and Ranchers, Cut Taxes and Regulations, Champion MADE IN THE U.S.A., Advance American Energy DOMINANCE, Keep our Border SECURE, Strengthen our Military/Veterans, Ensure LAW AND ORDER, Advocate for Election Integrity, and Protect our always under siege Second Amendment. Carlos De La Cruz has my Complete and Total Endorsement to be the next Representative from Texas' 35th Congressional District. Texas: Early Voting is February 17th to 27th, and Election Day is March 3rd. GET OUT AND VOTE FOR CARLOS DE LA CRUZ — HE WILL NEVER LET YOU DOWN! Find your Voting Location here: https://swampthevoteusa.com/Texas/",False,1493,420,56,True,True,True,False,False,False,False,False
6,116083271828191452,True,2026-02-17T01:02:38.514000+00:00,2026-02-16T20:02:38.514000-05:00,1.04,"It is my Great Honor to endorse America First Patriot Alex Mealer, who is running to represent the incredible people of Texas' 9th Congressional District. A West Point Graduate, and Combat Decorated Army Bomb Squad Officer, Alex knows the Wisdom and Courage required to Defend our Country, Support our Military/Veterans, and Ensure PEACE THROUGH STRENGTH. A Graduate of Harvard Business School and Harvard Law School, Alex is also a successful Business Executive who knows the America First Policies necessary to Create GREAT Jobs, Cut Taxes and Regulations, Unleash Innovation, Promote MADE IN THE U.S.A., and Ensure American Energy DOMINANCE. In Congress, she will work hard to Keep our Border SECURE, Stop Migrant Crime, Ensure LAW AND ORDER, Safeguard our Elections, and Defend our always under siege Second Amendment. Alex Mealer has my Complete and Total Endorsement to be the next Representative from Texas' 9th Congressional District. Texas: Early Voting is February 17th to 27th, and Election Day is March 3rd. GET OUT AND VOTE FOR ALEX MEALER — SHE WILL NEVER LET YOU DOWN! Find your Voting Location here: https://swampthevoteusa.com/Texas/",False,1529,443,67,True,True,False,False,False,False,False,False
6,116083274172061013,True,2026-02-17T01:03:14.276000+00:00,2026-02-16T20:03:14.276000-05:00,1.64,"It is my Great Honor to endorse Jessica Steinmann, who is running to represent the amazing people of Texas' 8th Congressional District. Jessica is strongly supported by many of the greatest America First Patriots in Texas, including Governor Greg Abbott, Lieutenant Governor Dan Patrick, Senator Ted Cruz, and Congressman Morgan Luttrell, among others! As a former appointee in my First Term, and now, as a Highly Respected Attorney, Jessica continues to prove that she has the Wisdom and Courage necessary to uphold our Constitution, and ensure LAW AND ORDER. In Congress, Jessica will fight tirelessly to Strengthen our Military, Care for our Brave Veterans, Stand with our Law Enforcement, Keep our Border SECURE, Stop Migrant Crime, Grow our Economy, Cut Taxes and Regulations, Promote MADE IN THE U.S.A., Advance American Energy DOMINANCE, and Defend our always under siege Second Amendment. Jessica Steinmann has my Complete and Total Endorsement to be the next Representative from Texas' 8th Congressional District. Texas: Early Voting is February 17th to 27th, and Election Day is March 3rd. GET OUT AND VOTE FOR JESSICA STEINMANN — SHE WILL NEVER LET YOU DOWN! Find your Voting Location here: https://swampthevoteusa.com/Texas/",False,1674,493,159,True,True,True,False,False,False,False,False
7,116083530388167523,True,2026-02-17T02:08:23.823000+00:00,2026-02-16T21:08:23.823000-05:00,0.0,"Congressman Nathaniel Moran is doing a fantastic job representing the Great People of Texas' 1st Congressional District! Nathaniel has an incredible Record of Success, and strong support from his Community. In Congress, he is working tirelessly to Grow our Economy, Cut Taxes and Regulations, Promote MADE IN THE U.S.A., Support our Amazing Farmers and Ranchers, Ensure American Energy DOMINANCE, Keep our now very Secure Border, SECURE, Stop Migrant Crime, Champion our Brave Military/Veterans, and Protect our always under siege Second Amendment. Nathaniel Moran has my Complete and Total Endorsement for Re-Election — HE WILL NOT LET YOU DOWN!",False,5516,1277,75,True,True,True,False,False,False,False,False
7,116083530917124809,True,2026-02-17T02:08:31.894000+00:00,2026-02-16T21:08:31.894000-05:00,0.13,"Congressman Lance Gooden is an America First Patriot, who is doing a fantastic job representing Texas' 5th Congressional District! A MAGA Warrior, who has been with us from the very beginning, Lance is working hard to Grow our Economy, Cut Taxes and Regulations, Advance American Energy DOMINANCE, Promote MADE IN THE U.S.A., Keep our now very Secure Border, SECURE, Support our Military/Veterans, and Protect our always under siege Second Amendment. Lance Gooden has my Complete and Total Endorsement for Re-Election — HE WILL NEVER LET YOU DOWN!",False,6470,1492,89,True,True,True,False,False,False,False,False
7,116083531557715615,True,2026-02-17T02:08:41.669000+00:00,2026-02-16T21:08:41.669000-05:00,0.3,"Congressman August Pfluger is a Tremendous Champion for Texas' 11th Congressional District! As the Chairman of the Republican Study Committee, August is doing an incredible job advancing our America First Agenda. He is working hard to Grow our Economy, Cut Taxes and Regulations, Champion our Great Farmers and American Agriculture, Promote MADE IN THE U.S.A., Ensure American Energy DOMINANCE, Keep our now very Secure Border, SECURE, Strengthen our Incredible Military/Veterans, and Defend our always under siege Second Amendment. August Pfluger has my Complete and Total Endorsement for Re-Election — HE WILL NEVER LET YOU DOWN!",False,6853,1577,86,True,True,True,False,False,False,False,False
7,116083532244475357,True,2026-02-17T02:08:52.151000+00:00,2026-02-16T21:08:52.151000-05:00,0.47,"Congressman Craig Goldman is an incredible Representative of Texas' 12th Congressional District! A Fifth Generation Texan, Craig served as a State Representative for 12 years prior to becoming a distinguished and Highly Respected Congressman. In Congress, he is fighting tirelessly to Champion our Great Farmers and American Agriculture, Cut Taxes and Regulations, Advance American Energy DOMINANCE, Promote MADE IN THE U.S.A., Keep our now very Secure Border, SECURE, Stop Migrant Crime, Strengthen our Military/Veterans, and Protect our always under siege Second Amendment. Craig Goldman has my Complete and Total Endorsement for Re-Election — HE WILL NOT LET YOU DOWN!",False,7515,1712,99,True,True,False,False,False,False,False,False
7,116083532769140354,True,2026-02-17T02:09:00.155000+00:00,2026-02-16T21:09:00.155000-05:00,0.61,"Congresswoman Monica De La Cruz is doing an incredible job representing the wonderful people of Texas' 15th Congressional District! A very successful Small Businesswoman, Monica knows the AMERICA FIRST Policies necessary to Create GREAT Jobs, Unleash Innovation, and Restore American Energy DOMINANCE. She is fighting tirelessly to Cut Taxes and Regulations, Secure our now VERY Secure (Record Setting!) Southern Border, Champion our Farmers and American Agriculture, Support our Brave Military/Veterans, and Protect our always under siege Second Amendment. Monica De La Cruz has my Complete and Total Endorsement for Re-Election — SHE WILL NEVER LET YOU DOWN!",False,7751,1776,101,True,True,False,False,False,False,False,False
7,116083533250062812,True,2026-02-17T02:09:07.495000+00:00,2026-02-16T21:09:07.495000-05:00,0.73,"Congressman Pete Sessions is a Tremendous Champion for Texas' 17th Congressional District! As former Chairman of the House Rules Committee and the National Republican Congressional Committee, Pete has served in Congress during a career ""loaded up"" with accolades and WINS, always fighting tirelessly for our America First Agenda. He is working hard to Support our Amazing Farmers and Ranchers, Cut Taxes and Regulations, Champion American Energy DOMINANCE, Promote MADE IN THE U.S.A., Keep our now very Secure Border, SECURE, Strengthen our Military/Veterans, and Protect our always under siege Second Amendment. Pete Sessions has my Complete and Total Endorsement for Re-Election — HE WILL NEVER LET YOU DOWN!",False,7923,1807,118,True,True,False,False,False,False,False,False
7,116083533873011232,True,2026-02-17T02:09:17+00:00,2026-02-16T21:09:17-05:00,0.89,"Congresswoman Beth Van Duyne is a fantastic Champion for the Great People of Texas' 24th Congressional District! A former appointee in my First Administration, where she worked hard to advance our America First Agenda, Beth is now a very distinguished and highly respected Congresswoman. In Congress, she is fighting tirelessly to Keep our now very Secure Border, SECURE, Stop Migrant Crime, Murderers, and other Criminals from illegally entering our Country, Ensure LAW AND ORDER, Strengthen our Great Military/Veterans, Cut Taxes and Regulations, Promote MADE IN THE U.S.A., Champion American Energy DOMINANCE, and Protect our always under siege Second Amendment. Beth Van Duyne has my Complete and Total Endorsement for Re-Election — SHE WILL NEVER LET YOU DOWN!",False,8067,1856,110,True,True,False,False,False,False,False,False
7,116083534327996449,True,2026-02-17T02:09:23.941000+00:00,2026-02-16T21:09:23.941000-05:00,1.0,"Congressman Roger Williams is a Tremendous Champion for the incredible people of Texas' 25th Congressional District! As a very successful Businessman, and Chairman of the House Small Business Committee, Roger knows the America First Policies required to Grow our Economy, Create GREAT Jobs, Cut Taxes and Regulations, Promote MADE IN THE U.S.A., and Unleash American Energy DOMINANCE. Roger is also fighting tirelessly to Keep our now very Secure Border, SECURE, Ensure LAW AND ORDER, Strengthen our Incredible Military/Veterans, and Defend our always under siege Second Amendment. Roger Williams has my Complete and Total Endorsement for Re-Election — HE WILL NEVER LET YOU DOWN!",False,8150,1855,113,True,True,True,False,False,False,False,False
7,116083538418810885,True,2026-02-17T02:10:26.364000+00:00,2026-02-16T21:10:26.364000-05:00,2.04,"State Senator Phil Berger is an America First Patriot, who is doing an incredible job representing North Carolina's 26th Senate District! Phil Berger has served as the Highly Respected Leader of the North Carolina Senate for over a decade, helping us deliver massive and historic Victories across the State, including my six BIG WINS and Primaries in 2016, 2020, and 2024! As Senate Leader, Phil is fighting tirelessly to Grow the Economy, Cut Taxes and Regulations, Advance MADE IN THE U.S.A., Unleash American Energy DOMINANCE, Champion School Choice, Support our Great Military, Veterans, and Law Enforcement, Keep our now very Secure Border, SECURE, Stop Migrant Crime, and Protect our always under siege Second Amendment. He is also endorsed by Senator Ted Budd, and Representatives Virginia Foxx, Addison McDowell, David Rouzer, and many other MAGA Warriors. Sam Page is GREAT, he has been a longtime supporter, but I really want him to come work for us in Washington, D.C., rather than further considering a run against Phil — Both are such outstanding people! Therefore, Phil Berger has my Complete and Total Endorsement for Re-Election — HE WILL NEVER LET YOU DOWN!",False,8251,1862,110,True,True,True,False,False,False,False,False
7,116083538992726143,False,2026-02-17T02:10:35.118000+00:00,2026-02-16T21:10:35.118000-05:00,2.19,"Congresswoman Virginia Foxx is doing a tremendous job fighting for the people of North Carolina's 5th Congressional District! As Chair of the House Rules Committee, Virginia is working hard to Advance our America First Values, Grow our Economy, Cut Taxes, Secure the Border, Support our Brave Military and Veterans, and Protect and Defend our always under siege Second Amendment. Virginia Foxx has my Complete and Total Endorsement for Re-Election – SHE WILL NEVER LET YOU DOWN!",False,8461,1911,135,False,True,True,False,False,False,False,False
7,116083539591551122,True,2026-02-17T02:10:44.258000+00:00,2026-02-16T21:10:44.258000-05:00,2.34,"Congressman David Rouzer is a terrific Representative for the incredible people of North Carolina's 7th Congressional District! A Proven Leader, David served as a Highly Respected State Senator and Small Businessman, prior to becoming a very distinguished U.S. Congressman. In Congress, he is fighting tirelessly to Champion our Amazing Farmers and Ranchers, Grow our Economy, Cut Taxes and Regulations, Advance American Energy DOMINANCE, Promote MADE IN THE U.S.A., Keep our now very Secure Border, SECURE, Stop Migrant Crime, Advocate for our Great Military/Veterans, and Protect our always under siege Second Amendment. David Rouzer has my Complete and Total Endorsement for Re-Election — HE WILL NEVER LET YOU DOWN!",False,8481,1914,110,True,True,True,False,False,False,False,False
7,116083540250496291,True,2026-02-17T02:10:54.310000+00:00,2026-02-16T21:10:54.310000-05:00,2.51,"Pat Harrigan is a tremendous Representative for the Great People of North Carolina's 10th Congressional District! A West Point Graduate and a Combat Decorated Green Beret, Pat knows the Wisdom and Courage that is required to Defend our Country, Support our Incredible Military/Veterans, and Ensure PEACE THROUGH STRENGTH. In Congress, Pat is working hard to Keep our Border SECURE, Stop Migrant Crime, Grow our Economy, Cut Taxes, Promote MADE IN THE U.S.A., Champion Small Business, Ensure American Energy DOMINANCE, and Protect our always under siege Second Amendment. Pat Harrigan has my Complete and Total Endorsement for Re-Election — HE WILL NEVER LET YOU DOWN!",False,8741,1965,118,True,True,True,False,False,False,False,False
7,116083541144234890,True,2026-02-17T02:11:07.948000+00:00,2026-02-16T21:11:07.948000-05:00,2.74,"Congressman Chuck Edwards is a MAGA Warrior who is doing a fantastic job representing North Carolina's 11th Congressional District! A proud Businessman, Civic Leader, and Highly Respected State Senator, prior to becoming a very distinguished U.S. Congressman, Chuck has dedicated his life to serving his Community. In Congress, he is working tirelessly to Grow our Economy, Cut Taxes and Regulations, Advance Election Integrity, Champion American Energy DOMINANCE, Promote MADE IN THE U.S.A., Keep our now very Secure Border, SECURE, Stop Migrant Crime, Strengthen our Military/Veterans, and Defend our always under siege Second Amendment. Chuck Edwards has my Complete and Total Endorsement for Re-Election — HE WILL NEVER LET YOU DOWN!",False,8892,1988,151,True,True,True,False,False,False,False,False
7,116083541625057957,True,2026-02-17T02:11:15.287000+00:00,2026-02-16T21:11:15.287000-05:00,2.86,"Congressman Brad Knott is a terrific Representative for the incredible people of North Carolina's 13th Congressional District! As a former Criminal Prosecutor, Brad knows the Wisdom and Courage necessary to uphold our Constitution, and ensure LAW AND ORDER. A true America First Patriot, Brad is fighting tirelessly to Strengthen our Military, Care for our Brave Veterans, Stand with our Incredible Law Enforcement, Keep our now very Secure Border, SECURE, Stop Migrant Crime, Grow our Economy, Cut Taxes and Regulations, Promote MADE IN THE U.S.A., Advance American Energy DOMINANCE, and Defend our always under siege Second Amendment. Brad Knott has my Complete and Total Endorsement for Re-Election — HE WILL NEVER LET YOU DOWN!",False,9041,2032,148,True,True,True,False,False,False,False,False
7,116083542092282954,True,2026-02-17T02:11:22.416000+00:00,2026-02-16T21:11:22.416000-05:00,2.98,"Congressman Tim Moore is a Tremendous Champion for North Carolina's 14th Congressional District! Tim served as the Highly Respected Speaker of the North Carolina House of Representatives for a decade, prior to becoming a very distinguished U.S. Congressman. In Congress, he is fighting tirelessly to Grow our Economy, Cut Taxes and Regulations, Promote MADE IN THE U.S.A., Champion American Energy DOMINANCE, Keep our now very Secure Border, SECURE, Stop Migrant Crime, Murderers, and other Criminals from illegally entering our Country, Strengthen our Great Military/Veterans, and Protect our always under siege Second Amendment. Tim Moore has my Complete and Total Endorsement for Re-Election — HE WILL NEVER LET YOU DOWN!",False,9308,2096,167,True,True,True,False,False,False,False,False
7,116083542631076246,True,2026-02-17T02:11:30.635000+00:00,2026-02-16T21:11:30.635000-05:00,3.11,"America First Patriot Michael Whatley will be an amazing United States Senator for the Great State of North Carolina, which I love and WON BIG, six times, including Primaries, in 2016, 2020, and 2024! Michael is fantastic at everything he does, and was certainly a STAR as Co-Chair of the RNC where, in the Presidential Election, we won every Swing State, the Popular Vote, and the Electoral College by a landslide. Michael is a wonderful man, has ALWAYS delivered for North Carolina, especially after the terrible floods, where the Biden Administration did nothing, and will continue doing so as your next U.S. Senator, where he will fight tirelessly to Grow our Economy, Cut Taxes and Regulations, Promote MADE IN THE U.S.A., Champion American Energy DOMINANCE, Keep our now very Secure Border, SECURE, Stop Migrant Crime, Strengthen our Incredible Military/Veterans, and Protect our always under siege Second Amendment. Michael Whatley has my Complete and Total Endorsement – HE WILL NEVER LET YOU DOWN!",False,10128,2400,246,True,True,True,False,False,False,False,False
7,116083545552204769,True,2026-02-17T02:12:15.210000+00:00,2026-02-16T21:12:15.210000-05:00,3.86,"Congressman Greg Murphy, M.D., is a Tremendous Champion for the incredible people of North Carolina's 3rd Congressional District! A distinguished Surgeon and Member of the House Veterans' Affairs Committee, Greg knows the Wisdom and Courage required to Defend our Country, Support our Brave Military/Veterans, and Ensure PEACE THROUGH STRENGTH. In Congress, Greg is working hard to Grow our Economy, Cut Taxes and Regulations, Promote MADE IN THE U.S.A., Champion American Energy DOMINANCE, Keep our now very Secure Border, SECURE, and Protect our always under siege Second Amendment. Dr. Greg Murphy has my Complete and Total Endorsement for Re-Election – HE WILL NEVER LET YOU DOWN!",False,9736,2183,194,True,True,True,False,False,False,False,False
7,116083546136249613,True,2026-02-17T02:12:24.123000+00:00,2026-02-16T21:12:24.123000-05:00,4.0,"Congressman Addison McDowell is an America First Patriot, who is doing a fantastic job representing North Carolina's 6th Congressional District! A MAGA Warrior, Addison previously worked for Senator Ted Budd and Congressman Richard Hudson (Two outstanding leaders from the Great State of North Carolina!), prior to becoming a distinguished and Highly Respected Congressman. In Congress, Addison is fighting tirelessly to Champion our Great Farmers and American Agriculture, Cut Taxes and Regulations, Promote MADE IN THE U.S.A., Advance American Energy DOMINANCE, Keep our now very Secure Border, SECURE, Strengthen our Military/Veterans, and Protect our always under siege Second Amendment. Addison McDowell has my Complete and Total Endorsement for Re-Election — HE WILL NEVER LET YOU DOWN!",False,10005,2254,253,True,True,False,False,False,False,False,False
7,116083546620753530,True,2026-02-17T02:12:31.515000+00:00,2026-02-16T21:12:31.515000-05:00,4.13,"Congressman Mark Harris is a terrific Representative for the incredible people of North Carolina's 8th Congressional District! Mark has a strong Record of SUCCESS, and compelling support from his Community. In Congress, he is working tirelessly to Champion our Amazing Farmers and Ranchers, Grow our Economy, Cut Taxes and Regulations, Advance American Energy DOMINANCE by helping to keep the price of Gasoline, Oil, and all forms of Energy VERY LOW (CHEAP!), Help Secure our now VERY Secure (Record Setting!) Southern Border, Advocate for our Great Military/Veterans, and Defend our always under siege Second Amendment. Mark Harris has my Complete and Total Endorsement for Re-Election — HE WILL NEVER LET YOU DOWN!",False,10872,2440,352,True,True,True,False,False,False,False,False
7,116083547108869974,True,2026-02-17T02:12:38.961000+00:00,2026-02-16T21:12:38.961000-05:00,4.25,"Richard Hudson is a Great Man, and TREMENDOUS Congressman, who is doing an outstanding job representing the wonderful people of North Carolina's 9th Congressional District. As Chairman of the National Republican Congressional Committee (NRCC), Richard is working tirelessly with me to help elect smart, tough, and 100% America First Patriots. Together, we won the 2024 Elections down ballot in a LANDSLIDE, and, based on the incredible SUCCESS we are having, are poised to WIN BIG in the 2026 Midterms. In Congress, Richard is fighting hard to Grow the Economy, Cut Taxes and Regulations, Promote MADE IN THE U.S.A., Unleash American Energy DOMINANCE, Keep our now very Secure Border, SECURE, Stop Migrant Crime, Support our Military/Veterans, and Defend our always under siege Second Amendment. Richard Hudson has my Complete and Total Endorsement for Re-Election — HE WILL NEVER LET YOU DOWN!",False,12632,2880,1141,True,True,True,False,False,False,False,False
8,116086580181836254,True,2026-02-17T15:03:59.984000+00:00,2026-02-17T10:03:59.984000-05:00,0.0,"RT @realDonaldTrumpIt is my Great Honor to endorse America First Patriot, Clay Fuller, who is running to represent the wonderful people of Georgia's 14th Congressional District. As District Attorney for the Lookout Mountain Judicial Circuit, and Air National Guard Officer, Clay knows the Wisdom and Courage required to Defend our Country, Support our Brave Military/Veterans, and Ensure PEACE THROUGH STRENGTH. As your next Congressman, Clay will fight tirelessly to Grow the Economy, Cut Taxes and Regulations, Promote MADE IN THE U.S.A., Unleash American Energy DOMINANCE, Keep our Border SECURE, Stop Migrant Crime, Safeguard our Elections, Champion School Choice, and Defend our always under siege Second Amendment. He is strongly supported by the most Highly Respected MAGA Warriors in Georgia, and many Republicans in the U.S. House of Representatives. Clay Fuller has my Complete and Total Endorsement to be the next Representative from Georgia's 14th Congressional District – HE WILL NOT LET YOU DOWN!",False,1,0,0,True,True,True,False,False,False,False,False
9,116094690568794039,True,2026-02-19T01:26:34.705000+00:00,2026-02-18T20:26:34.705000-05:00,0.0,"It is my Great Honor to nominate Justin Smith to serve as Judge on the United States Court of Appeals for the Eighth Circuit in Missouri. Justin is a very Smart and Talented Attorney, who received his J.D. from the University of Missouri School of Law, and is the Co-Owner of the James D. Otis Law Group. Justin has defended many of my Common Sense and Popular Policies, like Energy Dominance and Keeping Men Out of Women's Sports. Justin also played a BIG role in securing a Supreme Court Landmark Victory on Presidential Immunity. He is a true America First Fighter, who will continue to deliver strong results for the American People. Congratulations Justin!",False,15027,2941,306,True,False,False,False,False,False,False,False
10,116167506001380470,True,2026-03-03T22:04:29.988000+00:00,2026-03-03T17:04:29.988000-05:00,0.0,"It is my Great Honor to endorse Aaron Flint, who is running to represent the tremendous people of Montana's 1st Congressional District. Aaron is a MAGA Warrior, who is strongly supported by many of the Greatest America First Patriots in Montana, including Senator Tim Sheehy, Congressmen Ryan Zinke and Troy Downing, and Governor Greg Gianforte, among others! A Fifth Generation Montanan, and distinguished Combat Veteran, Aaron has dedicated his life to serving his Great State and Country. Lieutenant Colonel Flint served our Nation with Honor in Iraq and Afghanistan, and was awarded two Bronze Stars for Bravery. Aaron has a wonderful wife, Jessica, and three beautiful children. As your next Congressman, Aaron will work tirelessly to Champion our Amazing Farmers and Ranchers, Grow the Economy, Cut Taxes and Regulations, Promote MADE IN THE U.S.A., Unleash American Energy DOMINANCE, Keep our Border SECURE, Stop Migrant Crime, Support our Military/Veterans, Safeguard our Elections, and Defend our always under siege Second Amendment. Aaron Flint has my Complete and Total Endorsement to be the next Representative from Montana's 1st Congressional District – HE WILL NEVER LET YOU DOWN!",False,6393,1511,299,True,True,True,False,False,False,False,False
11,116202054617775180,True,2026-03-10T00:30:40.041000+00:00,2026-03-09T20:30:40.041000-04:00,0.0,"If Iran does anything that stops the flow of Oil within the Strait of Hormuz, they will be hit by the United States of America TWENTY TIMES HARDER than they have been hit thus far. Additionally, we will take out easily destroyable targets that will make it virtually impossible for Iran to ever be built back, as a Nation, again — Death, Fire, and Fury will reign upon them — But I hope, and pray, that it does not happen! This is a gift from the United States of America to China, and all of those Nations that heavily use the Hormuz Strait. Hopefully, it is a gesture that will be greatly appreciated. Thank you for your attention to this matter! President DONALD J. TRUMP",False,35923,9004,5514,True,True,False,False,True,False,False,False
12,116268200625887787,True,2026-03-21T16:52:28.021000+00:00,2026-03-21T12:52:28.021000-04:00,0.0,"Highly Respected America First Congresswoman, Julia Letlow, of the wonderful State of Louisiana, is a Great Star, has been from the very beginning, and only gets better! Julia is running for the United States Senate in Louisiana, a place I love and WON BIG, six times, including Primaries, in 2016, 2020, and 2024! I know Julia well, have seen her tested at the highest and most difficult levels, and she is a TOTAL WINNER! A Proud Mother of two children, Julia is a wonderful person, has ALWAYS delivered for Louisiana, and would continue doing so in the United States Senate. As your next Senator, Julia will work tirelessly to Grow our Economy, Cut Taxes and Regulations, Support our Amazing Farmers and Fishermen, Champion Louisiana Oil & Gas, Unleash American Energy DOMINANCE, Promote MADE IN THE U.S.A., Keep our Border SECURE, Stop Migrant Crime, Ensure LAW AND ORDER, Strengthen our Military/Veterans, and Protect our always under siege Second Amendment. Julia Letlow has my Complete and Total Endorsement — SHE WILL NEVER LET YOU DOWN!",False,16438,3530,512,True,True,True,False,False,False,False,False
13,116278963291413739,True,2026-03-23T14:29:33.266000+00:00,2026-03-23T10:29:33.266000-04:00,0.0,"RT @realDonaldTrumpI AM PLEASED TO REPORT THAT THE UNITED STATES OF AMERICA, AND THE COUNTRY OF IRAN, HAVE HAD, OVER THE LAST TWO DAYS, VERY GOOD AND PRODUCTIVE CONVERSATIONS REGARDING A COMPLETE AND TOTAL RESOLUTION OF OUR HOSTILITIES IN THE MIDDLE EAST. BASED ON THE TENOR AND TONE OF THESE IN DEPTH, DETAILED, AND CONSTRUCTIVE CONVERSATIONS, WHICH WILL CONTINUE THROUGHOUT THE WEEK, I HAVE INSTRUCTED THE DEPARTMENT OF WAR TO POSTPONE ANY AND ALL MILITARY STRIKES AGAINST IRANIAN POWER PLANTS AND ENERGY INFRASTRUCTURE FOR A FIVE DAY PERIOD, SUBJECT TO THE SUCCESS OF THE ONGOING MEETINGS AND DISCUSSIONS. THANK YOU FOR YOUR ATTENTION TO THIS MATTER! PRESIDENT DONALD J. TRUMP",False,2,0,0,True,True,False,False,False,False,False,False
14,116285866660628943,True,2026-03-24T19:45:10.326000+00:00,2026-03-24T15:45:10.326000-04:00,0.0,"Bluffton City Councilman Blake Fiechter, a True America First Patriot, is running against ""RINO"" State Senator Travis Holdman, in Indiana's 19th Senate District who, for whatever reason, voted against Redistricting in Indiana, in a District that I won by 39 points, which puts the United States Congress in jeopardy. Holdman and his RINO friends made Indiana, a State I love and have been very good to, the only State in the Country that essentially said they don't care about what happens in the United States Congress. We could have easily picked up two seats in Indiana, so Holdman, an America Last politician, put our Majority in the House of Representatives at risk, thereby putting our Country in a very dangerous position in losing some of the magnificent gains that we have made over the last year, since I assumed the Office of President. On the other hand, Blake Fiechter, a very successful Real Estate Broker, Proud Husband, Loving Father to three girls, and a Highly Respected Councilman in the wonderful City of Bluffton, has dedicated his life to serving the Community which he loves so much. As your next State Senator, Blake will fight tirelessly to Protect ""Hoosier"" Values, Promote our Amazing Farmers and Ranchers, Grow our Economy, Cut Taxes and Regulations, Advance MADE IN THE U.S.A., Promote American Energy DOMINANCE, Keep our Border SECURE, Support our Brave Military, Veterans, and Law Enforcement, Ensure LAW AND ORDER, Safeguard our Elections, and Protect our always under siege Second Amendment.  Blake Fiechter has my Complete and Total Endorsement against RINO Travis Holdman — BLAKE WILL NEVER LET YOU DOWN!",False,9622,2258,209,True,True,True,False,False,False,False,False
14,116285893161347117,True,2026-03-24T19:51:54.694000+00:00,2026-03-24T15:51:54.694000-04:00,6.74,"It is my Great Honor to endorse America First Patriot Tracey Powell, a fantastic Candidate for Indiana's 21st State Senate District (which I won by 24 points!). Tracey is running against a pathetic RINO incumbent named Jim Buck, who, for whatever reason, voted against Redistricting in Indiana, which puts the United States Congress in jeopardy. Buck and his RINO friends made Indiana, a State I love and have been very good to, the only State in the Country that essentially said they don't care if Democrats steal Republican House seats to take over the United States Congress. We could have easily picked up two seats in Indiana, helping Democrat seat theft in Blue States, but instead, Buck, an America Last politician, would rather give away our Majority in the House of Representatives, thereby putting our Country in a very dangerous position that could cost us some of the magnificent gains that we have made over the last year, since I assumed the Office of President. Tracey Powell, on the other hand, is a successful Businessman, Chiropractor, Farmer, and Highly Respected Tipton County Commissioner, who has dedicated his life to serving his Community. As your next State Senator, Tracey will fight tirelessly to Protect ""Hoosier"" Values, Grow the Economy, Cut Taxes and Regulations, Promote MADE IN THE U.S.A., Champion our Amazing Farmers and Agriculture, Unleash American Energy DOMINANCE, Keep our Border SECURE, Ensure LAW AND ORDER, Support our Military, Veterans, and Law Enforcement, Advance Election Integrity, Defend our always under siege Second Amendment.  Tracey Powell has my Complete and Total Endorsement to be the next State Senator from Indiana's 21st Senate District. Unlike incumbent Jim Buck, a ""RINO"" who failed the wonderful people of Indiana so badly, TRACEY POWELL IS A WINNER WHO WILL NOT LET YOU DOWN!",False,9763,2277,174,True,True,True,False,False,True,False,False
14,116285900153878228,True,2026-03-24T19:53:41.392000+00:00,2026-03-24T15:53:41.392000-04:00,8.52,"It is my Great Honor to endorse MAGA Warrior and Fountain County GOP Chair, Paula Copenhaver, a terrific Candidate for Indiana's 23rd State Senate District (which I won by 26 points!). Paula is running against an incompetent and ineffective RINO incumbent named Spencer Deery who, for whatever reason, betrayed his voters by voting against Redistricting in Indiana. Deery and his RINO friends made Indiana, a State I love and have been very good to, the only State in the Country that essentially said they don't care if Democrats and Radical Liberal Judges keep conspiring to steal seats in the United States Congress from Republicans. We could have easily picked up two seats in Indiana, but Deery, an America Last politician, would rather side with Far Left Democrats who will do anything and everything in their power to reverse the incredible progress we have made for the American people over the last year since I reassumed the Office of President. While ""RINO"" Spencer Deery prefers Democrats, Paula Copenhaver has helped REAL Republicans get elected across her Community, As your next State Senator, Paula will work hard to Protect ""Hoosier"" Values, Advocate for the Working Men and Women of Indiana, Grow the Economy, Cut Taxes and Regulations, Promote American Manufacturing, Advance MADE IN THE U.S.A., Unleash American Energy DOMINANCE, Keep our Border SECURE, Ensure LAW AND ORDER, Support our Brave Military, Veterans, and Law Enforcement, Safeguard our Elections, and Protect our always under siege Second Amendment.  Paula Copenhaver has my Complete and Total Endorsement to be the next State Senator from Indiana's 23rd Senate District. Unlike incumbent Spencer Deery, a ""RINO"" who has become a favorite politician of the Far Left, PAULA COPENHAVER IS A WINNER WHO WILL NEVER LET YOU DOWN!",False,10276,2392,182,True,True,True,False,False,False,False,False
14,116285903958791106,True,2026-03-24T19:54:39.449000+00:00,2026-03-24T15:54:39.449000-04:00,9.49,"Vigo County Commissioner Brenda Wilson, a Proven America First Patriot, is running against ""No Goode"" Greg Goode (BAD FOR THE U.S.A.!) in the Republican Primary for Indiana's 38th Senate District, which I won by 28 points! ""No Goode"" is an incompetent and ineffective RINO incumbent who, for whatever reason, voted against Redistricting in Indiana, which has made him a hero to Hakeem Jeffries, Ilhan Omar, and every other Radical Left Member of the U.S. House of Representatives. ""No Goode"" and his RINO friends made Indiana, a State I have tremendous love for, the only State in the Country that essentially said they don't care about what happens to the United States Congress, and therefore to America's future. We could have easily picked up two seats in Indiana, but No Goode, an America Last politician, threw in with the Democrats, thereby putting our Country in a very dangerous position, and risking the reversal of so much of the incredible progress we have made over the last year for our Country and our people. Brenda Wilson, on the other hand, is a Successful Family Farmer, and Highly Respected Vigo County Commissioner, who will be a strong and effective Voice for our amazing Farmers and Indiana Agriculture. As your next State Senator, Brenda will fight tirelessly to Protect ""Hoosier"" Values, Champion Small Businesses, Promote MADE IN THE U.S.A., Grow our Economy, Cut Taxes and Regulations, Advance American Energy DOMINANCE, Keep our Border SECURE, Support our incredible Military, Veterans, and Law Enforcement, Advance Election Integrity, and Protect our always under siege Second Amendment. Brenda Wilson has my Complete and Total Endorsement, and, unlike ""No Goode"" — BRENDA WILL NOT LET YOU DOWN!",False,11173,2582,210,True,True,True,False,False,False,False,False
14,116285906390195915,True,2026-03-24T19:55:16.550000+00:00,2026-03-24T15:55:16.550000-04:00,10.1,"It is my Great Honor to endorse America First Patriot, Jeff Ellington, a terrific Candidate for Indiana's 39th State Senate District (which I won by a whopping 55 points!). Jeff will be a fantastic replacement for RINO Eric Bassler, who may not even run again because Republicans are so angry with him over his betrayal he committed when he, for whatever reason, voted against Redistricting in Indiana, which essentially made him a partner to the Radical Left Democrats in their quest to take control of the United States House of Representatives, and reverse the great progress we have made in the last year. Bassler and his RINO friends made Indiana, a State I love that is full of Patriots who love America, the only State in the Nation that would rather turn over our Country to Democrats than fight back against their corruption, and finish the job we started over 10 years ago. We could have easily picked up two seats in Indiana, but Bassler, an America Last politician, was played for a fool by the Democrats who want to destroy our Country. Now, because Bassler looks to be getting ""run out of town"" by his Voters, Indiana's Chief RINO Rod Bray has recruited a new ""pawn"" in his game named Kristi Risk to run for this seat.  She, like Bassler and Bray, was nowhere to be found for Republicans during Redistricting, which means she will never be there for you when the going gets tough. She said there were ""more important things"" than keeping the House Majority, and protecting the progress we have made over the last year to, MAKE AMERICA GREAT AGAIN. No smart, reliable Republican would ever say such a thing because they would never even think it. For that reason, and more, she cannot be trusted any more than the Failed and Weak ""Senator"" Bassler. Jeff Ellington, on the other hand, is a Successful Businessman, Retired Firefighter, Horse Farmer, Greene County GOP Chairman, and former State Representative, who has dedicated his life to serving his Community. As your next State Senator, Jeff will work tirelessly to Protect ""Hoosier"" Values, Champion our Amazing Farmers and Ranchers, Grow our Economy, Cut Taxes and Regulations, Promote MADE IN THE U.S.A., Advance American Energy DOMINANCE, Support our Brave Military, Veterans, and Law Enforcement, Safeguard our Elections, and Protect our always under siege Second Amendment.  Jeff Ellington has my Complete and Total Endorsement to be the next State Senator from Indiana's 39th Senate District. Unlike Eric Bassler or Kristi Risk, JEFF ELLINGTON WILL NEVER LET YOU DOWN!",False,11943,2675,256,True,True,True,True,False,False,False,False
14,116285908636437489,True,2026-03-24T19:55:50.822000+00:00,2026-03-24T15:55:50.822000-04:00,10.67,"It is my Great Honor to endorse State Representative Michelle Davis, a REAL Republican running for Indiana's 41st State Senate District (which I won by 33 points!), against RINO incumbent Greg Walker! Michelle will be a fantastic replacement for Walker who, for whatever reason, voted against Redistricting in Indiana, which puts the United States Congress in jeopardy. Walker and his RINO friends made Indiana, a State I love and have been very good to, the only State in the Country that essentially said they don't care about what happens in the United States Congress. We could have easily picked up two seats in Indiana, so Walker, an America Last politician, put our Majority in the House of Representatives at risk, thereby putting our Country in a very dangerous position in losing some of the magnificent gains that we have made over the last year, since I assumed the Office of President. State Representative Michelle Davis, on the other hand, strongly voted WITH Republicans to pass Redistricting in the State House, unlike ""RINO"" Greg Walker, who voted with the Democrats in the State Senate to stop it. As your next State Senator, Michelle will fight tirelessly to Protect ""Hoosier"" Values, Advocate for the Working Men and Women of Indiana, Grow our Economy, Cut Taxes and Regulations, Promote American Manufacturing, Advance MADE IN THE U.S.A., Unleash American Energy DOMINANCE, Keep our Border SECURE, Support our Military, Veterans, and Law Enforcement, Advance Election Integrity, and Defend our always under siege Second Amendment.  Michelle Davis has my Complete and Total Endorsement to be the next State Senator from Indiana's 41st Senate District. Unlike incumbent Greg Walker, a ""RINO"" LOSER who has failed the fantastic people of Indiana so badly, MICHELLE DAVIS IS A WINNER WHO WILL NOT LET YOU DOWN!",False,13241,3013,391,True,True,True,False,False,False,False,False
14,116285916990204668,True,2026-03-24T19:57:58.291000+00:00,2026-03-24T15:57:58.291000-04:00,12.8,"It is my Great Honor to endorse T.W. Shannon, an America First Patriot who is running for Lieutenant Governor of Oklahoma, a place I love and WON BIG, winning all 77 out of 77 Counties in 2016, 2020, and 2024! As the youngest House Speaker in Oklahoma's History, the National Chair of Black Voices for Trump and, as a former Senior Appointee at the U.S. Department of Agriculture in my Administration, T.W. has proven he has the Courage and Wisdom to deliver strong results for the incredible people of his State and Nation — He has truly been with us from the beginning! As your next Lieutenant Governor, T.W. will work hard to Grow our Economy, Cut Taxes and Regulations, Support our Amazing Farmers and Ranchers, Promote MADE IN THE U.S.A., Unleash American Energy DOMINANCE, Keep our Border SECURE, Stop Migrant Crime, Advance Election Integrity, Ensure LAW AND ORDER, Strengthen our Military, Veterans, and Law Enforcement, and Protect our always under siege Second Amendment. T.W. Shannon has my Complete and Total Endorsement to be the next Lieutenant Governor of Oklahoma — HE WILL NEVER LET YOU DOWN!",False,15920,3555,1109,True,True,True,False,False,False,False,False
15,116365249022129961,True,2026-04-07T20:13:09.030000+00:00,2026-04-07T16:13:09.030000-04:00,0.0,"State Representative Jim Pressel is a Tremendous Champion for the incredible people of Indiana's 20th State House District!
 
A successful Businessman, Jim knows the America First Policies required to Grow our Economy, Create GREAT Jobs, Cut Taxes and Regulations, Promote MADE IN THE U.S.A., and Unleash American Energy DOMINANCE. In the State House, he is also fighting tirelessly to Protect ""Hoosier"" Values, Stop Migrant Crime, Ensure LAW AND ORDER, Strengthen our Military/Veterans, Advance Election Integrity, and Defend our always under siege Second Amendment.
 
Jim Pressel has my Complete and Total Endorsement for Re-Election — HE WILL NEVER LET YOU DOWN!",False,7826,1724,97,True,True,True,False,False,False,False,False
15,116365249949047159,True,2026-04-07T20:13:23.179000+00:00,2026-04-07T16:13:23.179000-04:00,0.24,"State Representative Craig Snow is a MAGA Warrior who is doing a tremendous job representing Indiana's 22nd State House District!
 
A successful Businessman, Craig knows the AMERICA FIRST Policies necessary to Create GREAT Jobs, Promote MADE IN THE U.S.A., Unleash Innovation, and Advance American Energy DOMINANCE. In the State House, he is fighting tirelessly to Protect ""Hoosier"" Values, Grow our Economy, Cut Taxes and Regulations, Stop Migrant Crime, Support our Brave Military/Veterans, Safeguard our Elections, and Defend our always under siege Second Amendment.
 
Craig Snow has my Complete and Total Endorsement for Re-Election — HE WILL NEVER LET YOU DOWN!",False,7880,1748,81,True,True,True,False,False,False,False,False
15,116365250563239892,True,2026-04-07T20:13:32.549000+00:00,2026-04-07T16:13:32.549000-04:00,0.39,"State Representative Jeff Thompson is doing a tremendous job representing the Great People of Indiana's 28th State House District!
 
A former Educator and Farmer, Jeff is a strong and effective Voice for Indiana Agriculture, and our amazing Farmers and Ranchers. In the State House, he is fighting tirelessly to Protect ""Hoosier"" Values, Grow our Economy, Cut Taxes and Regulations, Promote MADE IN THE U.S.A. and American Energy DOMINANCE, Safeguard our Elections, Stop Migrant Crime, Strengthen our Military/Veterans, and Defend our always under siege Second Amendment.
 
Jeff Thompson has my Complete and Total Endorsement for Re-Election — HE WILL NEVER LET YOU DOWN!",False,7896,1742,88,True,True,True,False,False,False,False,False
15,116365251073099981,True,2026-04-07T20:13:40.329000+00:00,2026-04-07T16:13:40.329000-04:00,0.52,"State Representative Heath VanNatter is doing a fantastic job representing the incredible people of Indiana's 38th State House District!
 
A Highly Respected Small Business Owner and Homebuilder, prior to becoming a distinguished State Representative, Heath has dedicated his life to serving his Community. In the State House, he is working hard to Protect ""Hoosier"" Values, Grow our Economy, Cut Taxes and Regulations, Champion American Energy DOMINANCE, Promote MADE IN THE U.S.A., Stop Migrant Crime, Strengthen our Military/Veterans, Ensure LAW AND ORDER, Advance Election Integrity, and Protect our always under siege Second Amendment.
 
Heath VanNatter has my Complete and Total Endorsement for Re-Election — HE WILL NEVER LET YOU DOWN!",False,7951,1750,87,True,True,True,False,False,False,False,False
15,116365251753401925,False,2026-04-07T20:13:50.709000+00:00,2026-04-07T16:13:50.709000-04:00,0.69,"State Representative Beau Baird is a Strong Champion for the Great People of Indiana's 44th State House District!
 
A Highly Respected Businessman and Rancher, prior to becoming a distinguished State Representative, Beau has dedicated his life to serving his Community. In the State House, he is working hard to Protect ""Hoosier"" Values, Grow our Economy, Cut Taxes and Regulations, Champion our Amazing Farmers and Ranchers, Promote MADE IN THE U.S.A., Stop Migrant Crime, Strengthen our Military/Veterans, Ensure LAW AND ORDER, Advance Election Integrity, and Defend our always under siege Second Amendment.
 
Beau Baird has my Complete and Total Endorsement for Re-Election — HE WILL NEVER LET YOU DOWN!",False,7999,1748,83,False,True,True,False,False,False,False,False
15,116365252287627343,True,2026-04-07T20:13:58.861000+00:00,2026-04-07T16:13:58.861000-04:00,0.83,"State Representative Bruce Borders is a MAGA Warrior who is doing an incredible job representing Indiana's 45th State House District!
 
A successful Businessman, and former Mayor of Jasonville, prior to becoming a Highly Respected State Representative, Bruce has dedicated his life to serving his Community. In the State House, he is working tirelessly to Protect ""Hoosier"" Values, Grow our Economy, Cut Taxes and Regulations, Champion American Energy DOMINANCE, Promote MADE IN THE U.S.A., Stop Migrant Crime, Strengthen our Military/Veterans, Safeguard our Elections, and Defend our always under siege Second Amendment.
 
Bruce Borders has my Complete and Total Endorsement for Re-Election — HE WILL NEVER LET YOU DOWN!",False,8144,1801,93,True,True,True,False,False,False,False,False
15,116365252855784200,True,2026-04-07T20:14:07.526000+00:00,2026-04-07T16:14:07.526000-04:00,0.97,"State Representative Bob Heaton is doing a terrific job representing the wonderful people of Indiana's 46th State House District! A Successful Businessman and College Basketball Player, before his service in the State House, Bob is a Proven Leader who has dedicated his life to serving his Community. In the State House, he is working hard to Protect ""Hoosier"" Values, Grow the Economy, Cut Taxes and Regulations, Promote MADE IN THE U.S.A., Champion American Energy DOMINANCE, Stop Migrant Crime, Ensure LAW AND ORDER, Strengthen our Military/Veterans, Advance Election Integrity, and Defend our always under siege Second Amendment. Bob Heaton has my Complete and Total Endorsement for Re-Election — HE WILL NEVER LET YOU DOWN!",False,803,188,24,True,True,True,False,False,False,False,False
15,116365253757288920,True,2026-04-07T20:14:21.286000+00:00,2026-04-07T16:14:21.286000-04:00,1.2,"State Representative Tony Isa is an America First Patriot who is doing a fantastic job representing Indiana's 51st State House District! A Successful Entrepreneur and Owner of ""Scoops Ice Cream"" in Angola, in addition to being a highly effective State Representative, Tony has dedicated his life to serving his Community. In the State House, he is working tirelessly to Protect ""Hoosier"" Values, Grow our Economy, Cut Taxes and Regulations, Promote MADE IN THE U.S.A., Champion American Energy DOMINANCE, Stop Migrant Crime, Strengthen our Military/Veterans, Advance Election Integrity, Promote School Choice, and Defend our always under siege Second Amendment. Tony Isa has my Complete and Total Endorsement for Re-Election — HE WILL NEVER LET YOU DOWN!",False,796,188,26,True,True,True,False,False,False,False,False
15,116365254318832383,True,2026-04-07T20:14:29.855000+00:00,2026-04-07T16:14:29.855000-04:00,1.35,"State Representative Ben Smaltz is a Highly Effective Champion for the Wonderful People of Indiana's 52nd State House District! A Respected Businessman and DeKalb County Council Member, prior to becoming a distinguished State Representative, Ben has dedicated his life to serving his Community. In the State House, he is fighting tirelessly to Protect ""Hoosier"" Values, Grow our Economy, Cut Taxes and Regulations, Champion American Energy DOMINANCE, Promote MADE IN THE U.S.A., Stop Migrant Crime, Strengthen our Military/Veterans, Ensure LAW AND ORDER, Safeguard our Elections, and Defend our always under siege Second Amendment. Ben Smaltz has my Complete and Total Endorsement for Re-Election — HE WILL NEVER LET YOU DOWN!",False,812,197,22,True,True,True,False,False,False,False,False
15,116365255045080935,True,2026-04-07T20:14:40.936000+00:00,2026-04-07T16:14:40.936000-04:00,1.53,"State Representative Martin Carbaugh is a Tremendous Advocate for the Fantastic People of Indiana's 81st State House District! A very successful Financial Advisor, Martin is a Proven Leader who is doing a fantastic job advancing our AMERICA FIRST Agenda. He is working tirelessly to Protect ""Hoosier"" Values, Grow the Economy, Cut Taxes and Regulations, Promote MADE IN THE U.S.A., Unleash American Energy DOMINANCE, Stop Migrant Crime, Strengthen our Brave Military/Veterans, Ensure LAW AND ORDER, Safeguard our Elections, and Defend our always under siege Second Amendment. Martin Carbaugh has my Complete and Total Endorsement for Re-Election — HE WILL NEVER LET YOU DOWN!",False,4262,955,75,True,True,True,False,False,False,False,False
15,116365255671979732,True,2026-04-07T20:14:50.502000+00:00,2026-04-07T16:14:50.502000-04:00,1.69,"It is my Great Honor to endorse Trevor De Vries, an America First Patriot and REAL Republican running for Indiana's 1st State Senate District, against RINO incumbent Dan Dernulc! A Successful Businessman, Trevor knows the America First Policies required to Grow our Economy, Create GREAT Jobs, Cut Taxes and Regulations, Promote MADE IN THE U.S.A., and Unleash American Energy DOMINANCE. In the State Senate, he will fight tirelessly to Protect ""Hoosier"" Values, Stop Migrant Crime, Ensure LAW AND ORDER, Strengthen our Military/Veterans, Advance Election Integrity, and Defend our always under siege Second Amendment. Trevor De Vries has my Complete and Total Endorsement to be the next State Senator from Indiana's 1st Senate District. Unlike incumbent Dan Dernulc, a ""RINO"" LOSER who has failed the fantastic people of Indiana so badly, TREVOR DE VRIES IS A WINNER WHO WILL NOT LET YOU DOWN!",False,5898,1320,174,True,True,True,False,False,False,False,False
15,116365271173259328,True,2026-04-07T20:18:47.034000+00:00,2026-04-07T16:18:47.034000-04:00,5.63,"Bluffton City Councilman Blake Fiechter, a True America First Patriot, is running against ""RINO"" State Senator Travis Holdman, in Indiana's 19th Senate District who, for whatever reason, voted against Redistricting in Indiana, in a District that I won by 39 points, which puts the United States Congress in jeopardy. Holdman and his RINO friends made Indiana, a State I love and have been very good to, the only State in the Country that essentially said they don't care about what happens in the United States Congress. We could have easily picked up two seats in Indiana, so Holdman, an America Last politician, put our Majority in the House of Representatives at risk, thereby putting our Country in a very dangerous position in losing some of the magnificent gains that we have made over the last year, since I assumed the Office of President. On the other hand, Blake Fiechter, a very successful Real Estate Broker, Proud Husband, Loving Father to three girls, and a Highly Respected Councilman in the wonderful City of Bluffton, has dedicated his life to serving the Community which he loves so much. As your next State Senator, Blake will fight tirelessly to Protect ""Hoosier"" Values, Promote our Amazing Farmers and Ranchers, Grow our Economy, Cut Taxes and Regulations, Advance MADE IN THE U.S.A., Promote American Energy DOMINANCE, Keep our Border SECURE, Support our Brave Military, Veterans, and Law Enforcement, Ensure LAW AND ORDER, Safeguard our Elections, and Protect our always under siege Second Amendment.  Blake Fiechter has my Complete and Total Endorsement against RINO Travis Holdman — BLAKE WILL NEVER LET YOU DOWN!",False,5795,1288,79,True,True,True,False,False,False,False,False
15,116365272431087703,True,2026-04-07T20:19:06.228000+00:00,2026-04-07T16:19:06.228000-04:00,5.95,"It is my Great Honor to endorse America First Patriot Tracey Powell, a fantastic Candidate for Indiana's 21st State Senate District (which I won by 24 points!). Tracey is running against a pathetic RINO incumbent named Jim Buck, who, for whatever reason, voted against Redistricting in Indiana, which puts the United States Congress in jeopardy. Buck and his RINO friends made Indiana, a State I love and have been very good to, the only State in the Country that essentially said they don't care if Democrats steal Republican House seats to take over the United States Congress. We could have easily picked up two seats in Indiana, helping Democrat seat theft in Blue States, but instead, Buck, an America Last politician, would rather give away our Majority in the House of Representatives, thereby putting our Country in a very dangerous position that could cost us some of the magnificent gains that we have made over the last year, since I assumed the Office of President. Tracey Powell, on the other hand, is a successful Businessman, Chiropractor, Farmer, and Highly Respected Tipton County Commissioner, who has dedicated his life to serving his Community. As your next State Senator, Tracey will fight tirelessly to Protect ""Hoosier"" Values, Grow the Economy, Cut Taxes and Regulations, Promote MADE IN THE U.S.A., Champion our Amazing Farmers and Agriculture, Unleash American Energy DOMINANCE, Keep our Border SECURE, Ensure LAW AND ORDER, Support our Military, Veterans, and Law Enforcement, Advance Election Integrity, Defend our always under siege Second Amendment.  Tracey Powell has my Complete and Total Endorsement to be the next State Senator from Indiana's 21st Senate District. Unlike incumbent Jim Buck, a ""RINO"" who failed the wonderful people of Indiana so badly, TRACEY POWELL IS A WINNER WHO WILL NOT LET YOU DOWN!",False,7130,1558,71,True,True,True,False,False,True,False,False
15,116365273811504261,True,2026-04-07T20:19:27.291000+00:00,2026-04-07T16:19:27.291000-04:00,6.3,"It is my Great Honor to endorse MAGA Warrior and Fountain County GOP Chair, Paula Copenhaver, a terrific Candidate for Indiana's 23rd State Senate District (which I won by 26 points!). Paula is running against an incompetent and ineffective RINO incumbent named Spencer Deery who, for whatever reason, betrayed his voters by voting against Redistricting in Indiana. Deery and his RINO friends made Indiana, a State I love and have been very good to, the only State in the Country that essentially said they don't care if Democrats and Radical Liberal Judges keep conspiring to steal seats in the United States Congress from Republicans. We could have easily picked up two seats in Indiana, but Deery, an America Last politician, would rather side with Far Left Democrats who will do anything and everything in their power to reverse the incredible progress we have made for the American people over the last year since I reassumed the Office of President. While ""RINO"" Spencer Deery prefers Democrats, Paula Copenhaver has helped REAL Republicans get elected across her Community, As your next State Senator, Paula will work hard to Protect ""Hoosier"" Values, Advocate for the Working Men and Women of Indiana, Grow the Economy, Cut Taxes and Regulations, Promote American Manufacturing, Advance MADE IN THE U.S.A., Unleash American Energy DOMINANCE, Keep our Border SECURE, Ensure LAW AND ORDER, Support our Brave Military, Veterans, and Law Enforcement, Safeguard our Elections, and Protect our always under siege Second Amendment.  Paula Copenhaver has my Complete and Total Endorsement to be the next State Senator from Indiana's 23rd Senate District. Unlike incumbent Spencer Deery, a ""RINO"" who has become a favorite politician of the Far Left, PAULA COPENHAVER IS A WINNER WHO WILL NEVER LET YOU DOWN!",False,7349,1615,80,True,True,True,False,False,False,False,False
15,116365275300009543,True,2026-04-07T20:19:50.003000+00:00,2026-04-07T16:19:50.003000-04:00,6.68,"Vigo County Commissioner Brenda Wilson, a Proven America First Patriot, is running against ""No Goode"" Greg Goode (BAD FOR THE U.S.A.!) in the Republican Primary for Indiana's 38th Senate District, which I won by 28 points! ""No Goode"" is an incompetent and ineffective RINO incumbent who, for whatever reason, voted against Redistricting in Indiana, which has made him a hero to Hakeem Jeffries, Ilhan Omar, and every other Radical Left Member of the U.S. House of Representatives. ""No Goode"" and his RINO friends made Indiana, a State I have tremendous love for, the only State in the Country that essentially said they don't care about what happens to the United States Congress, and therefore to America's future. We could have easily picked up two seats in Indiana, but No Goode, an America Last politician, threw in with the Democrats, thereby putting our Country in a very dangerous position, and risking the reversal of so much of the incredible progress we have made over the last year for our Country and our people. Brenda Wilson, on the other hand, is a Successful Family Farmer, and Highly Respected Vigo County Commissioner, who will be a strong and effective Voice for our amazing Farmers and Indiana Agriculture. As your next State Senator, Brenda will fight tirelessly to Protect ""Hoosier"" Values, Champion Small Businesses, Promote MADE IN THE U.S.A., Grow our Economy, Cut Taxes and Regulations, Advance American Energy DOMINANCE, Keep our Border SECURE, Support our incredible Military, Veterans, and Law Enforcement, Advance Election Integrity, and Protect our always under siege Second Amendment. Brenda Wilson has my Complete and Total Endorsement, and, unlike ""No Goode"" — BRENDA WILL NOT LET YOU DOWN!",False,7884,1764,96,True,True,True,False,False,False,False,False
15,116365277089556863,True,2026-04-07T20:20:17.310000+00:00,2026-04-07T16:20:17.310000-04:00,7.14,"It is my Great Honor to endorse America First Patriot, Jeff Ellington, a terrific Candidate for Indiana's 39th State Senate District (which I won by a whopping 55 points!). Jeff will be a fantastic replacement for RINO Eric Bassler, who may not even run again because Republicans are so angry with him over his betrayal he committed when he, for whatever reason, voted against Redistricting in Indiana, which essentially made him a partner to the Radical Left Democrats in their quest to take control of the United States House of Representatives, and reverse the great progress we have made in the last year. Bassler and his RINO friends made Indiana, a State I love that is full of Patriots who love America, the only State in the Nation that would rather turn over our Country to Democrats than fight back against their corruption, and finish the job we started over 10 years ago. We could have easily picked up two seats in Indiana, but Bassler, an America Last politician, was played for a fool by the Democrats who want to destroy our Country. Now, because Bassler looks to be getting ""run out of town"" by his Voters, Indiana's Chief RINO Rod Bray has recruited a new ""pawn"" in his game named Kristi Risk to run for this seat.  She, like Bassler and Bray, was nowhere to be found for Republicans during Redistricting, which means she will never be there for you when the going gets tough. She said there were ""more important things"" than keeping the House Majority, and protecting the progress we have made over the last year to, MAKE AMERICA GREAT AGAIN. No smart, reliable Republican would ever say such a thing because they would never even think it. For that reason, and more, she cannot be trusted any more than the Failed and Weak ""Senator"" Bassler. Jeff Ellington, on the other hand, is a Successful Businessman, Retired Firefighter, Horse Farmer, Greene County GOP Chairman, and former State Representative, who has dedicated his life to serving his Community. As your next State Senator, Jeff will work tirelessly to Protect ""Hoosier"" Values, Champion our Amazing Farmers and Ranchers, Grow our Economy, Cut Taxes and Regulations, Promote MADE IN THE U.S.A., Advance American Energy DOMINANCE, Support our Brave Military, Veterans, and Law Enforcement, Safeguard our Elections, and Protect our always under siege Second Amendment.  Jeff Ellington has my Complete and Total Endorsement to be the next State Senator from Indiana's 39th Senate District. Unlike Eric Bassler or Kristi Risk, JEFF ELLINGTON WILL NEVER LET YOU DOWN!",False,8696,1902,123,True,True,True,True,False,False,False,False
15,116365279658494851,True,2026-04-07T20:20:56.510000+00:00,2026-04-07T16:20:56.510000-04:00,7.79,"It is my Great Honor to endorse State Representative Michelle Davis, a REAL Republican running for Indiana's 41st State Senate District (which I won by 33 points!), against RINO incumbent Greg Walker! Michelle will be a fantastic replacement for Walker who, for whatever reason, voted against Redistricting in Indiana, which puts the United States Congress in jeopardy. Walker and his RINO friends made Indiana, a State I love and have been very good to, the only State in the Country that essentially said they don't care about what happens in the United States Congress. We could have easily picked up two seats in Indiana, so Walker, an America Last politician, put our Majority in the House of Representatives at risk, thereby putting our Country in a very dangerous position in losing some of the magnificent gains that we have made over the last year, since I assumed the Office of President. State Representative Michelle Davis, on the other hand, strongly voted WITH Republicans to pass Redistricting in the State House, unlike ""RINO"" Greg Walker, who voted with the Democrats in the State Senate to stop it. As your next State Senator, Michelle will fight tirelessly to Protect ""Hoosier"" Values, Advocate for the Working Men and Women of Indiana, Grow our Economy, Cut Taxes and Regulations, Promote American Manufacturing, Advance MADE IN THE U.S.A., Unleash American Energy DOMINANCE, Keep our Border SECURE, Support our Military, Veterans, and Law Enforcement, Advance Election Integrity, and Defend our always under siege Second Amendment.  Michelle Davis has my Complete and Total Endorsement to be the next State Senator from Indiana's 41st Senate District. Unlike incumbent Greg Walker, a ""RINO"" LOSER who has failed the fantastic people of Indiana so badly, MICHELLE DAVIS IS A WINNER WHO WILL NOT LET YOU DOWN!",False,9118,2003,143,True,True,True,False,False,False,False,False
15,116365284827791048,True,2026-04-07T20:22:15.385000+00:00,2026-04-07T16:22:15.385000-04:00,9.11,"State Senator Tyler Johnson is an America First Patriot who is doing a fantastic job representing Indiana's 14th State Senate District! A Proven Leader, Tyler serves his Community as a Highly Respected Emergency Room Physician, in addition to being a highly effective State Senator. In the State Senate, he is working tirelessly to Protect ""Hoosier"" Values, Grow our Economy, Cut Taxes and Regulations, Promote MADE IN THE U.S.A., Champion American Energy DOMINANCE, Stop Migrant Crime, Strengthen our Military/Veterans, Advance Election Integrity, Promote School Choice, and Defend our always under siege Second Amendment. Dr. Tyler Johnson has my Complete and Total Endorsement for Re-Election — HE WILL NEVER LET YOU DOWN!",False,9038,1902,102,True,True,True,False,False,False,False,False
15,116365285441680816,True,2026-04-07T20:22:24.752000+00:00,2026-04-07T16:22:24.752000-04:00,9.26,"State Senator Liz Brown is a MAGA Warrior who is doing an incredible job representing Indiana's 15th State Senate District! A successful Attorney, and Fort Wayne City Council Member, prior to becoming a Highly Respected State Senator, Liz has dedicated her life to serving her Community. In the State Senate, she is working tirelessly to Protect ""Hoosier"" Values, Grow our Economy, Cut Taxes and Regulations, Champion American Energy DOMINANCE, Promote MADE IN THE U.S.A., Stop Migrant Crime, Strengthen our Military/Veterans, Safeguard our Elections, and Defend our always under siege Second Amendment. Liz Brown has my Complete and Total Endorsement for Re-Election — SHE WILL NEVER LET YOU DOWN!",False,9714,2034,108,True,True,True,False,False,False,False,False
15,116365286020333679,True,2026-04-07T20:22:33.581000+00:00,2026-04-07T16:22:33.581000-04:00,9.41,"State Senator Ron Alting is a Strong Champion and Highly Effective Representative for the Great People of  Indiana's 22nd State Senate District! A respected Businessman, Lafayette City Council Member, and Indiana Guard Reserve Major, prior to becoming a distinguished State Senator, Ron has dedicated his life to serving his Community. In the State Senate, he is working hard to Protect ""Hoosier"" Values, Grow our Economy, Cut Taxes and Regulations, Champion American Energy DOMINANCE, Promote MADE IN THE U.S.A., Stop Migrant Crime, Strengthen our Military/Veterans, Ensure LAW AND ORDER, Advance Election Integrity, and Defend our always under siege Second Amendment. Ron Alting has my Complete and Total Endorsement for Re-Election — HE WILL NEVER LET YOU DOWN!",False,9936,2073,120,True,True,True,False,False,False,False,False
15,116365286643586938,True,2026-04-07T20:22:43.091000+00:00,2026-04-07T16:22:43.091000-04:00,9.57,"State Senator Mike Gaskill is a MAGA Warrior who is doing a tremendous job representing Indiana's 25th State Senate District! A Highly Successful Businessman, Mike knows the AMERICA FIRST Policies necessary to Create GREAT Jobs, Promote MADE IN THE U.S.A., Unleash Innovation, and Advance American Energy DOMINANCE. In the State Senate, he is fighting tirelessly to Protect ""Hoosier"" Values, Grow our Economy, Cut Taxes and Regulations, Stop Migrant Crime, Support our Brave Military/Veterans, Safeguard our Elections, and Defend our always under siege Second Amendment. Mike Gaskill has my Complete and Total Endorsement for Re-Election — HE WILL NEVER LET YOU DOWN!",False,10306,2169,129,True,True,True,False,False,False,False,False
15,116365287253994322,True,2026-04-07T20:22:52.405000+00:00,2026-04-07T16:22:52.405000-04:00,9.72,"State Senator Scott Alexander is doing a terrific job representing the wonderful people of Indiana's 26th State Senate District! A Successful Entrepreneur and Civic Leader, before his service in the State Senate, Scott is a Proven Leader who has dedicated his life to serving his Community. In the State Senate, he is working hard to Protect ""Hoosier"" Values, Grow the Economy, Cut Taxes and Regulations, Promote MADE IN THE U.S.A., Champion American Energy DOMINANCE, Stop Migrant Crime, Ensure LAW AND ORDER, Strengthen our Military/Veterans, Advance Election Integrity, and Defend our always under siege Second Amendment. Scott Alexander has my Complete and Total Endorsement for Re-Election — HE WILL NEVER LET YOU DOWN!",False,11018,2309,133,True,True,True,False,False,False,False,False
15,116365287802499897,True,2026-04-07T20:23:00.775000+00:00,2026-04-07T16:23:00.775000-04:00,9.86,"State Senator Jeff Raatz is an America First Patriot doing a fantastic job representing Indiana's 27th State Senate District! A Brave U.S. Army Veteran, Jeff knows the Wisdom and Courage that is required to Defend our Country, Support our Military/Veterans, and Ensure PEACE THROUGH STRENGTH. In the State Senate, Jeff is working hard to Protect ""Hoosier"" Values, Stop Migrant Crime, Grow our Economy, Cut Taxes, Promote MADE IN THE U.S.A., Champion Small Businesses and American Ingenuity, Ensure U.S. Energy DOMINANCE, Safeguard our Elections, and Defend our always under siege Second Amendment. Jeff Raatz has my Complete and Total Endorsement for Re-Election — HE WILL NEVER LET YOU DOWN!",False,11481,2411,161,True,True,True,False,False,False,False,False
15,116365288444023601,True,2026-04-07T20:23:10.564000+00:00,2026-04-07T16:23:10.564000-04:00,10.03,"State Senator Randy Maxwell is a Tremendous Champion for the incredible people of Indiana's 43rd State Senate District! As a very successful Businessman, Randy knows the America First Policies required to Grow our Economy, Create GREAT Jobs, Cut Taxes and Regulations, Promote MADE IN THE U.S.A., and Unleash American Energy DOMINANCE. In the State Senate, he is also fighting tirelessly to Protect ""Hoosier"" Values, Stop Migrant Crime, Ensure LAW AND ORDER, Strengthen our Military/Veterans, Advance Election Integrity, and Defend our always under siege Second Amendment. Randy Maxwell has my Complete and Total Endorsement for Re-Election — HE WILL NEVER LET YOU DOWN!",False,11859,2470,168,True,True,True,False,False,False,False,False
15,116365288989008607,True,2026-04-07T20:23:18.880000+00:00,2026-04-07T16:23:18.880000-04:00,10.16,"State Senator Chris Garten is a true MAGA Warrior and America First Patriot for the Great People of Indiana's 45th State Senate District! As the Majority Floor Leader of the Indiana State Senate, and Brave U.S. Marine Corps Veteran, Chris is a Proven Leader who is doing a fantastic job advancing our AMERICA FIRST Agenda. He is working tirelessly to Protect ""Hoosier"" Values, Grow the Economy, Cut Taxes and Regulations, Promote MADE IN THE U.S.A., Unleash American Energy DOMINANCE, Stop Migrant Crime, Strengthen our Brave Military/Veterans, Ensure LAW AND ORDER, Safeguard our Elections, and Defend our always under siege Second Amendment. Chris Garten has my Complete and Total Endorsement for Re-Election — HE WILL NEVER LET YOU DOWN!",False,12385,2606,181,True,True,True,False,False,False,False,False
15,116365289686358949,True,2026-04-07T20:23:29.519000+00:00,2026-04-07T16:23:29.519000-04:00,10.34,"State Senator Gary Byrne is doing a fantastic job representing the incredible people of Indiana's 47th Congressional District! A Highly Respected Businessman, North Harrison School Board Member, and Councilman for Harrison County, prior to becoming a distinguished State Senator, Gary has dedicated his life to serving his Community. In the State Senate, he is working hard to Protect ""Hoosier"" Values, Grow our Economy, Cut Taxes and Regulations, Champion American Energy DOMINANCE, Promote MADE IN THE U.S.A., Stop Migrant Crime, Strengthen our Military/Veterans, Ensure LAW AND ORDER, Advance Election Integrity, and Protect our always under siege Second Amendment. Gary Byrne has my Complete and Total Endorsement for Re-Election — HE WILL NEVER LET YOU DOWN!",False,12877,2683,218,True,True,True,False,False,False,False,False
15,116365290259205790,True,2026-04-07T20:23:38.258000+00:00,2026-04-07T16:23:38.258000-04:00,10.49,"State Senator Daryl Schmidt is doing a tremendous job representing the Great People of Indiana's 48th State Senate District! A Fifth Generation Family Farmer, Daryl is a strong and effective Voice for Indiana Agriculture, and our amazing Farmers and Ranchers. In the State Senate, he is fighting tirelessly to Protect ""Hoosier"" Values, Grow our Economy, Cut Taxes and Regulations, Promote MADE IN THE U.S.A. and American Energy DOMINANCE, Safeguard our Elections, Stop Migrant Crime, Strengthen our Military/Veterans, and Defend our always under siege Second Amendment. Daryl Schmidt has my Complete and Total Endorsement for Re-Election — HE WILL NEVER LET YOU DOWN!",False,13663,2850,298,True,True,True,False,False,False,False,False
15,116365290884513075,True,2026-04-07T20:23:47.803000+00:00,2026-04-07T16:23:47.803000-04:00,10.65,"State Senator Jim Tomes is an America First Patriot who is doing an incredible job representing Indiana's 49th State Senate District! A Brave U.S. Army Vietnam Veteran, and Chairman of the Indiana Senate Committee on Veterans Affairs and the Military, Jim knows the Wisdom and Courage required to Defend our Country, Support our Military/Veterans, and Ensure PEACE THROUGH STRENGTH. In the State Senate, he is fighting tirelessly to Protect ""Hoosier"" Values, Stop Migrant Crime, Grow our Economy, Cut Taxes and Regulations, Unleash American Energy DOMINANCE, Promote MADE IN THE U.S.A., Safeguard our Elections, and Defend our always under siege Second Amendment. Jim Tomes has my Complete and Total Endorsement for Re-Election — HE WILL NEVER LET YOU DOWN!",False,15041,3158,502,True,True,True,False,False,False,False,False
15,116365303932078350,True,2026-04-07T20:27:06.893000+00:00,2026-04-07T16:27:06.893000-04:00,13.96,"It is my Great Honor to endorse Dr. Brian Schmutzler, a MAGA Warrior and REAL Republican running for Indiana's 11th State Senate District, against RINO incumbent Linda Rogers! A Proven Leader, Brian serves his Community as a Highly Respected Anesthesiologist and Medical Director. In the State Senate, he will fight tirelessly to Protect ""Hoosier"" Values, Grow our Economy, Cut Taxes and Regulations, Promote MADE IN THE U.S.A., Champion American Energy DOMINANCE, Stop Migrant Crime, Strengthen our Military/Veterans, Advance Election Integrity, Promote School Choice, and Defend our always under siege Second Amendment. Dr. Brian Schmutzler has my Complete and Total Endorsement to be the next State Senator from Indiana's 11th Senate District. Unlike incumbent Linda Rogers, a ""RINO"" LOSER who has failed the wonderful people of Indiana so badly, DR. BRIAN SCHMUTZLER IS A WINNER WHO WILL NEVER LET YOU DOWN!",False,18162,3848,1183,True,True,True,False,False,False,False,False
